16, Абазовка
15, Авангард
5, Авдеевка
1, Аграрное
2, Агрономичное
14, Агрономия
22, Адамполь
11, Аджамка
1, Азовское
8, Акимовка
11, Александрия
11, Александровка
5, Александровка
12, Александровка
15, Александровка
15, Александровка
20, Александровка
10, Александровка
12, Александровск
4, Александрополь
4, Алексеевка
5, Алексеево-Дружковка
12, Алмазная
18, Алтыновка
1, Алупка
1, Алушта
12, Алчевск
5, Амвросиевка
15, Ананьев
7, Андреевка
6, Андреевка
8, Андреевка
4, Андреевка
4, Андреевка
18, Андрияшивка
6, Андрушевка
6, Андрушки
22, Аннополь
7, Анталовцы
21, Антоновка
17, Антоновка
17, Антополь
12, Антрацит
4, Апостолово
14, Арбузинка
1, Армянск
5, Артема
16, Артемовка
5, Артемово
12, Артемовск
5, Артемовск
5, Артемовское
15, Арциз
21, Аскания-Нова
4, Аулы
18, Ахтырка
1, Аэрофлотский
20, Бабаи
23, Бабанка
2, Бабин
17, Бабин
10, Бабинцы
1, Багерово
10, Багрин
17, Базальтовое
23, Байбузы
19, Байковцы
12, Байрачки
8, Балабино
20, Балаклея
2, Балки
4, Баловка
14, Баловное
15, Балта
14, Бандурка
18, Баничи
13, Баня лысовицкая
2, Бар
7, Баранинцы
6, Барановка
20, Барвенково
7, Барвинок
14, Бармашово
10, Барышевка
13, Басовка
24, Батурин
7, Батьево
22, Бахматовцы
24, Бахмач
5, Бахмутское
1, Бахчисарай
14, Баштанка
7, Бедевля
20, Безлюдовка
10, Безпятное
24, Безугловка
19, Белая
5, Белая гора
6, Белая Криница
17, Белая криница
10, Белая Церковь
15, Белгород-Днестровский
13, Белз
16, Белики
3, Белин
15, Белино
5, Белицкое
7, Белки
19, Белобожница
12, Беловодск
18, Беловоды
1, Белоглинка
10, Белогородка
1, Белогорск
22, Белогорье
12, Белое
21, Белозерка
5, Белозерское
23, Белозорье
19, Белокриница
5, Белокузьминовка
12, Белокуракино
18, Белополье
12, Белореченский
24, Белошицкая слобода
20, Белый колодезь
15, Беляевка
6, Бердичев
8, Бердянск
8, Бердянское
7, Берегово
25, Берегомет
19, Бережаны
11, Бережинка
18, Береза
14, Березанка
24, Березанка
10, Березань
13, Березина
15, Березино
24, Березна
14, Березнеговатое
17, Березно
20, Березовка
15, Березовка
7, Березово
20, Берека
3, Берестечко
17, Берестовец
21, Берислав
2, Бершадь
10, Беспечная
6, Бехи
16, Биологичное
20, Бирки
13, Бисковичи
1, Ближнее
20, Близнюки
10, Блиставица
24, Бобрик
12, Бобриково
11, Бобринец
13, Бобрка
24, Бобровица
12, Боброво
7, Богдан
11, Богдановка
18, Богдановка
10, Богдановка
10, Богдановка
22, Богдановцы
20, Богодухов
9, Богородчаны
5, Богоявленка
4, Богуслав
10, Богуслав
9, Боднаров
16, Божковское
19, Боков
15, Болград
9, Болехов
11, Большая Виска
17, Большой Олексин
1, Бондаренково
6, Бондари
6, Бондаривка
3, Боратин
24, Борзна
13, Борислав
10, Борисполь
16, Борки
13, Борки
20, Боровая
10, Боровая
12, Боровеньки
12, Боровское
25, Боровцы
10, Бородянка
21, Борозенское
18, Боромля
24, Боромыки
7, Боронява
10, Бортничи
19, Борщев
15, Борщи
2, Бохоники
25, Бояны
10, Боярка
4, Брагиновка
4, Брагиновка
2, Браилов
14, Братское
4, Братское
2, Брацлав
24, Бригинцы
21, Брилевка
15, Бритовка
10, Бровары
2, Бродецкое
13, Броды
6, Броницкая Гута
9, Брошнив
9, Брошнив-осада
6, Брусилов
13, Брюховичи
12, Брянка
17, Бугаевка
17, Бугрин
14, Бугское
19, Буданов
18, Будивельное
18, Будилка
23, Будище
23, Будки
20, Буды
23, Бужанка
10, Бузовая
23, Бузуков
18, Буймеровка
15, Бурлача балка
22, Буртын
9, Бурштын
18, Бурынь
13, Буск
16, Бутенки
3, Буцин
10, Буча
13, Бучалы
19, Бучач
7, Буштыно
6, Быковка
5, Былбасовка
6, Быстрик
17, Быстричи
2, В.Киреевка
20, Валки
4, Валовое
12, Валуйское
25, Валя кузьмина
23, Валява
13, Ваньковичи
2, Вапнярка
24, Варва
19, Варваринцы
17, Варковичи
7, Вары
8, Васильевка
23, Васильков
10, Васильков
4, Васильковка
20, Васищево
6, Васьковичи
23, Ватутино
20, Ватутино
12, Вахрушево
25, Вашковцы
20, Введенка
21, Великая Александровка
16, Великая Багачка
7, Великая бакта
8, Великая Белозерка
19, Великая Березовица
3, Великая глуша
13, Великая горожанка
7, Великая добронь
24, Великая дорога
24, Великая дочь
21, Великая кардашинка
16, Великая круча
21, Великая Лепетиха
15, Великая Михайловка
5, Великая Новоселка
17, Великая омеляна
18, Великая Писаревка
11, Великая северинка
18, Великая чернеччина
23, Великая яблоновка
19, Великие Борки
18, Великие вильмы
19, Великие гаи
13, Великие Глебовичи
10, Великие гуляки
19, Великие Дедеркалы
21, Великие копаны
6, Великие Коровинцы
16, Великие крынки
7, Великие лазы
7, Великие лучки
13, Великие Мосты
6, Великие низгорцы
20, Великие проходы
17, Великий алексин
7, Великий Березный
20, Великий Бурлук
7, Великий Бычков
19, Великий Глубочек
17, Великий житин
25, Великий кучуров
13, Великий Любень
2, Великий мытник
3, Великий омеляник
15, Великодолинское
13, Великое колодно
13, Великоселки
12, Великоцк
11, Вельшанка
2, Вендичаны
10, Веприк
22, Вербка
4, Вербки
11, Верблюжка
9, Вербовец
23, Вербовец
12, Вергулевка
23, Вергуны
17, Вересневое
6, Вересы
24, Вертиевка
4, Верхнеднепровск
7, Верхнее водяное
13, Верхнее синевидное
1, Верхнесадовое
21, Верхние серогозы
21, Верхний Рогачик
9, Верхний струтинь
8, Верхний токмак первый
23, Верхнячка
8, Верхняя криница
18, Верхняя сыроватка
17, Верхов
9, Верховина
4, Верховцево
14, Веселиново
8, Веселое
21, Веселое
4, Веселое
14, Весняное
25, Виженка
25, Вижница
15, Визирка
1, Вилино
15, Вилково
2, Вилы
23, Вильховец
13, Винники
13, Винники
2, Винница
10, Винницкие ставы
2, Винницкие хутора
1, Виноградное
7, Виноградов
22, Виньковцы
10, Вита-почтовая
1, Витино
11, Витязевка
19, Вишневец
4, Вишневое
10, Вишневое
12, Вишневое
22, Вишневчик
3, Владимир-Волынский
17, Владимирец
17, Владимирец
20, Владимировка
5, Владимировка
11, Владимировка
11, Владимировка
8, Владимировское
11, Власовка
7, Водица
14, Вознесенск
23, Вознесенское
1, Войково
11, Войновка
11, Войновка
2, Войтовка
12, Войтово
22, Войтовцы
22, Волковинцы
5, Волноваха
7, Воловец
10, Володарка
12, Володарск
6, Володарск-Волынский
5, Володарское
4, Волосское
22, Волочиск
20, Волчанск
9, Волчинец
9, Волчковцы
4, Вольногорск
4, Вольное
8, Вольнянск
13, Воля-бартатовская
13, Воля-высоцкая
3, Воля-ковельская
10, Ворзель
18, Ворожба
18, Воронеж
9, Воронов
25, Вороновица
2, Вороновица
13, Вороняки
9, Ворохта
14, Воскресенск
1, Восход
14, Врадиевка
3, Всеволодовка
13, Вузлове
13, Выбрановка
9, Выгода
15, Выгода
4, Выдвиженец
7, Вылок
20, Высокий
8, Высокогорное
21, Высокополье
17, Высоцк
4, Высшетарасовка
10, Вышгород
6, Вышевичи
2, Вышеольчедаев
7, Вышково
18, Вязовое
21, Гавриловка
9, Гавриловка
2, Гавришовка
16, Гадяч
21, Гаевое
11, Гайворон
2, Гайсин
9, Галич
16, Галяво
7, Ганичи
6, Ганнополь
23, Гарбузин
1, Гаспра
10, Гатное
4, Гвардейское
1, Гвардейское
22, Гвардейское
9, Гвоздец
23, Гельмязов
21, Гениченская горка
21, Геническ
5, Георгиевка
18, Герасимовка
1, Геройское
23, Геронимовка
25, Герца
9, Герыня
10, Глеваха
25, Глинница
13, Глиняны
16, Глобино
12, Глубокий
7, Глубокий поток
6, Глубочица
18, Глухов
2, Глуховцы
25, Глыбокая
24, Гнединцы
2, Гнивань
10, Гнидын
19, Гнилички
10, Гоголев
16, Гоголево
16, Гожулы
21, Голая Пристань
3, Голобы
11, Голованевск
6, Головино
11, Головковка
22, Головчинцы
4, Голубовка
1, Голубой Залив
2, Гоноривка
20, Гонтов яр
16, Горбаневка
10, Горенка
13, Горишний
5, Горловка
13, Горное
5, Горное
21, Горностаевка
11, Горный
13, Горняк
5, Горняк
5, Горняцкое
9, Городенка
23, Городище
10, Городище-Пустоваровка
2, Городковка
6, Городница
24, Городня
3, Городок
17, Городок
22, Городок
13, Городок
7, Горонглаб
3, Горохов
14, Гороховка
12, Горское
6, Горщик
3, Горькая полонка
4, Горького
11, Гостинное
13, Гостинцово
10, Гостомель
17, Гоща
13, Грабовец
16, Градижск
5, Гранитное
17, Гранитное
4, Гранитное
16, Гребенка
10, Гребенки
13, Гребенов
7, Гребля
15, Григоровка
10, Григорьевка
19, Гримайлов
22, Грицев
5, Гришино
6, Гришковцы
6, Грозино
22, Грузевица
4, Грузское
7, Грушево
11, Грушка
22, Грушка
1, Грэсовский
13, Гряда
18, Грязное
4, Губиниха
6, Гуйва
6, Гульск
8, Гуляйполе
22, Гуменцы
4, Гупаловка
1, Гурзуф
10, Гуровщина
19, Гусятин
20, Гуты
22, Давыдковцы
13, Давыдов
1, Далекое
24, Даниловка
21, Дарьевка
20, Дачное
13, Дашава
2, Дашев
2, Дашев
16, Дашковка
23, Дашуковка
20, Двуречная
5, Дебальцево
11, Девичье поле
4, Девладово
3, Дедычи
7, Деловое
9, Делятин
10, Демидов
17, Демидовка
9, Демьянов
10, Дениховка
23, Деньги
17, Деражное
22, Деражня
20, Дергачи
2, Деребчин
11, Дериевка
3, Дерно
1, Джанкой
2, Джурин
9, Джуров
9, Дзвиняч
23, Дзензеловка
6, Дзержинск
5, Дзержинск
12, Дзержинский
12, Дзержинское
15, Дзинилор
2, Дзыговка
7, Диброва
10, Диброва
16, Диканька
5, Димитров
11, Димитрово
10, Дмитровка
24, Дмитровка
4, Дмитровка
1, Днепровка
4, Днепровское
4, Днепродзержинск
4, Днепропетровск
8, Днепрорудное
21, Днепряны
11, Добровеличковка
9, Добровляны
1, Доброе
13, Добромиль
5, Доброполье
13, Добротвор
24, Добрянка
7, Добрянское
13, Добряны
6, Довбыш
10, Довгалевское
22, Довжок
5, Докучаевск
7, Долгое
19, Должанка
6, Должик
5, Долина
9, Долина
5, Долиновка
11, Долинская
8, Долинское
9, Долишнее залучье
14, Доманевка
5, Донецк
5, Донецкое
5, Донское
1, Донское
5, Дорожное
10, Дослидницкое
4, Дослидное
23, Драбов
23, Драбово-барятинское
7, Драгово
9, Драгомирчаны
5, Дробышево
13, Дрогобыч
19, Дружба
18, Дружба
6, Дружба
8, Дружелюбовка
5, Дружковка
9, Дуба
3, Дубечно
23, Дубиевка
13, Дубина
13, Дубляны
13, Дубляны
17, Дубно
7, Дубовое
3, Дубовое
12, Дубовский
9, Дубовцы
18, Дубовязовка
7, Дубриничи
17, Дубровица
17, Дубы
13, Дулибы
7, Дулово
22, Дунаевцы
22, Дунаевцы
7, Дыйда
10, Дымер
1, Евпатория
9, Езуполь
14, Еланец
11, Елизаветградка
4, Елизарово
6, Емильчино
5, Енакиево
23, Ерки
12, Есауловка
2, Жабелевка
3, Жабка
23, Жашков
22, Жванец
13, Жвирка
5, Ждановка
2, Ждановка
4, Жданово
7, Ждениево
4, Желтые Воды
1, Желябовка
15, Жеребково
13, Жидачев
6, Житомир
2, Жмеринка
18, Жовтневое
16, Жовтневое
10, Жовтневое
18, Жовтневое
21, Жовтневое
3, Жовтневое
17, Жовтневое
13, Жолква
13, Жолква
13, Жулин
3, Журавичи
1, Журавки
2, Журавлевка
9, Заболотов
3, Забороль
11, Завалье
9, Завалье
7, Завидово
19, Заводское
9, Завой
9, Загвоздье
15, Загнитков
13, Загорное
7, Задельское
9, Заднестрянск
10, Зазимье
22, Закупное
3, Залесочье
19, Залещики
16, Зализничное
8, Зализничное
21, Зализный порт
19, Зализцы
24, Замглай
3, Замличи
5, Заможное
1, Заозерное
8, Запорожье
13, Запытов
2, Зарванцы
6, Заречаны
17, Заречное
3, Заречье
3, Заречье
25, Зарожаны
17, Заря
5, Заря
25, Заставна
19, Застеночное
16, Засулье
15, Затишье
15, Затока
20, Зачепиловка
19, Збараж
19, Зборов
23, Звенигородка
10, Згуровка
17, Здолбунов
3, Зеленая
4, Зеленодольск
18, Зеленый гай
13, Зелив
16, Зеньков
16, Зеньков
20, Зидьки
13, Зимняя Вода
12, Зимогорье
22, Зиньков
17, Зирне
4, Златоустовка
20, Змиев
3, Змиенец
11, Знаменка
7, Зняцево
11, Золотаревка
19, Золотники
12, Золотое
19, Золотой Поток
23, Золотоноша
20, Золочев
13, Золочев
12, Зоринск
13, Зоротовичи
13, Зубра
5, Зугрэс
1, Зуя
19, Иване-пусте
3, Иваничи
10, Иванков
10, Иванков
25, Иванковцы
11, Ивано-Благодатное
13, Ивано-франково
9, Ивано-Франковск
4, Ивано-яризовка
2, Иванов
6, Ивановка
21, Ивановка
12, Ивановка
21, Ивановка
15, Ивановка
9, Ивановка
25, Ивановцы
6, Иванополь
5, Иванополье
17, Иванчи
3, Иванычи
23, Иваньки
6, Ивашковка
7, Иза
15, Измаил
20, Изюм
22, Изяслав
4, Илларионово
2, Иллинцы
5, Иловайск
2, Ильинцы
5, Ильича
15, Ильичевка
15, Ильичевск
5, Ильичовское
7, Ильница
4, Ингулец
4, Ингулец
1, Инкерман
2, Иосиповка
23, Ирклиев
10, Ирпень
7, Иршава
6, Иршанск
15, Исаево
25, Испас
24, Ичня
6, Йосиповка
10, Йосиповка
14, Кавуны
10, Кагарлык
14, Казанка
2, Казатин
21, Казацкое
21, Казачьи лагеря
20, Казачья Лопань
16, Калайдинцы
11, Калантаев
21, Каланчак
21, Калининское
13, Калинов
1, Калиновка
10, Калиновка
10, Калиновка
2, Калиновка
10, Калиновка
8, Калиновка
2, Калиновка вторая
7, Калины
10, Калита
11, Калмазово
9, Калуш
11, Камбурлиевка
22, Каменец-Подольский
7, Каменица
4, Каменка
22, Каменка
23, Каменка
13, Каменка-Бугская
8, Каменка-Днепровская
2, Каменногорка
6, Каменный брод
6, Каменный Брод
11, Каменный мост
14, Каменный Мост
1, Каменоломня
4, Каменское
3, Камень-Каширский
8, Камыш-Заря
21, Камышаны
8, Камышеваха
16, Камышня
7, Камянское
23, Канев
8, Каневское
11, Капитановка
20, Капитоловка
2, Капустин
16, Карловка
15, Каролино-бугаз
12, Карпаты
21, Карьерное
1, Карьерное
11, Катериновка
5, Катериновка
23, Катеринополь
21, Каховка
1, Кацивели
1, Кача
10, Кашперовка
17, Квасилов
7, Квасы
20, Кегичевка
25, Кельменцы
7, Кендерешов
1, Керчь
3, Киверцы
10, Киев
24, Киенка
15, Килия
4, Кильчень
6, Кирданы
18, Кириковка
8, Кирилловка
2, Кирнасивка
4, Кировка
11, Кировоград
12, Кировск
4, Кировское
1, Кировское
5, Кировское
25, Киселев
23, Киселевка
20, Кисели
25, Кицмань
6, Кишин
3, Кияж
18, Кияница
18, Кияница
10, Клавдиево-Тарасово
17, Клевань
2, Клембовка
22, Клембовка
6, Кленовая
7, Кленовец
5, Кленовка
12, Кленовый
17, Клесов
6, Клетчин
22, Климашовка
11, Клинцы
25, Клишковцы
7, Ключарки
9, Княжелука
10, Княжичи
22, Княжполь
16, Кобеляки
14, Коблево
7, Кобылецкая поляна
16, Ковалевка
9, Ковалевка
2, Ковалевка
3, Ковель
24, Ковпыта
20, Ковшаровка
20, Ковяги
10, Кодра
15, Кодыма
10, Кожанка
8, Коза
24, Козелец
16, Козельщина
17, Козин
10, Козин
19, Козлов
19, Козова
2, Козятин
1, Коктебель
14, Коларовка
3, Колки
17, Колоденка
23, Колодистое
20, Коломак
9, Коломыя
7, Колочава
24, Колычовка
7, Кольчино
1, Кольчугино
13, Комарно
25, Комаровцы
23, Коминтерн
15, Коминтерновское
12, Комиссаровка
21, Коммуна
20, Коммунар
20, Коммунар
11, Компанеевка
16, Комсомольск
20, Комсомольский
20, Комсомольское
5, Комсомольское
1, Комсомольское
5, Кондратовка
23, Кононовка
13, Конопница
18, Конотоп
8, Константиновка
14, Константиновка
17, Константиновка
5, Константиновка
11, Константиновка
20, Константиновка
2, Копайгород
16, Копылы
22, Копыстин
19, Копычинцы
19, Копычинцы
2, Корделевка
1, Кореиз
17, Корец
19, Коржова
6, Корнин
17, Корнин
9, Корнич
13, Корничи
21, Коробки
20, Коробочкино
25, Коровия
9, Королевка
10, Королевка
7, Королево
24, Короп
19, Коропец
13, Коропуж
6, Коростень
13, Коростов
6, Коростышев
20, Коротыч
21, Корсунка
23, Корсунь-Шевченковский
13, Корчев
22, Корчевка
17, Корысть
25, Корытное
24, Корюковка
19, Косов
9, Косов
11, Косовка
7, Косовская поляна
7, Косонь
25, Костинцы
17, Костополь
25, Кострижевка
16, Котельва
17, Котов
15, Котовка
6, Котовка
15, Котовск
10, Коцюбинское
3, Коцюры
6, Кочеров
20, Кочеток
6, Кошелевка
13, Краковец
5, Краматорск
24, Крапивное
6, Крапивня
6, Крапивня
22, Красилов
10, Красиловка
5, Красная поляна
5, Красноармейск
4, Красногвардейский
1, Красногвардейское
1, Красногвардейское
6, Красногорка
5, Красногоровка
5, Красногоровка
20, Красноград
12, Краснодон
24, Красное
14, Красное
10, Красное
13, Красное
5, Красное
2, Красное
25, Красноильск
1, Краснокаменка
20, Краснокутск
12, Краснолучский
20, Краснопавловка
1, Красноперекопск
6, Краснополь
18, Краснополье
12, Краснореченское
22, Красноселка
15, Красноселка
2, Красноселка
15, Красные Окны
23, Красный Кут
5, Красный Лиман
12, Красный Луч
5, Красный партизан
19, Кременец
19, Кременец
12, Кременная
16, Кременчуг
23, Кременчуки
15, Кремидовка
12, Крепенский
5, Крестище
4, Кривбасс
14, Кривое Озеро
4, Кривой Рог
1, Кримское
4, Кринички
15, Криничное
9, Криховцы
18, Кролевец
16, Кротенки
3, Крупа
15, Крыжановка
2, Крыжополь
6, Крымок
10, Крюковщина
6, Ксаверов
10, Ксаверовка
17, Кузнецовск
1, Куйбышево
8, Куйбышево
13, Куликов
24, Куликовка
20, Кулиничи
3, Кульчин
14, Кумари
22, Купин
20, Купянск
5, Кураховка
5, Курахово
5, Курдюмовка
4, Куриловка
20, Куриловка
13, Куровичи
1, Курпаты
3, Куснища
17, Кустин
9, Куты
24, Куты вторые
7, Куштановица
8, Кушугум
18, Куяновка
24, Ладан
24, Ладинка
2, Ладыжин
23, Ладыжинка
16, Лазорки
21, Лазурное
7, Лазы
15, Ланна
16, Ланна.
19, Лановцы
9, Ланчин
13, Лапаевка
15, Ларжанка
23, Лебедевка
18, Лебедин
20, Лебяжье
25, Левинцы
11, Лекаревка
16, Лелюховка
1, Ленино
22, Ленковцы
12, Лесная дача
22, Лесовые гриневцы
23, Леськи
22, Летичев
10, Летки
13, Лешня
1, Ливадия
20, Лиман
15, Лиманское
14, Лиманы
24, Линовица
7, Линцы
3, Липины
6, Липники
11, Липняжка
18, Липовая Долина
2, Липовец
2, Липовец
10, Липовка
20, Липцы
9, Лисец
13, Лисиничи
12, Лисичанск
7, Лисичево
2, Литин
7, Лоза
4, Лозоватка
20, Лозовая
22, Лозовое
12, Лозовский
3, Локачи
9, Лолин
13, Лопатин
9, Лопушня
24, Лосиновка
16, Лохвица
16, Лубны
12, Луганск
6, Лугины
25, Лужаны
6, Лужин
10, Лука
2, Лука- мелешковская
8, Лукашево
13, Луки
3, Луков
10, Лукьяновка
8, Луначарское
16, Лутовиновка
12, Лутугино
3, Луцк
14, Луч
23, Лысянка
3, Лыще
13, Львов
6, Любар
15, Любашевка
24, Любеч
3, Любешов
21, Любимовка
13, Любинцы
3, Любитов
3, Люблинец
3, Любомль
20, Люботин
13, Любша
8, Люцерна
13, Мавковичи
4, Магдалиновка
1, Мазанка
9, Майдан
7, Майдан
23, Майданец
4, Майское
10, Макаров
5, Макеевка
22, Маков
24, Макошино
11, Малая Виска
20, Малая Даниловка
7, Малая копаня
18, Малая павловка
20, Малая рогозянка
10, Малая Снитынка
10, Малая Супоевка
6, Малая Токаровка
8, Малая токмачка
9, Малая турья
13, Малехов
6, Малин
22, Малиничи
5, Малиновка
20, Малиновка
15, Малодолинское
8, Малокатериновка
21, Малокаховка
1, Малореченское
19, Малые Бережцы
13, Малые Подлески
7, Малый березный
23, Малый бузуков
1, Малый маяк
2, Малый мытник
17, Малый шпаков
13, Мальчицы
25, Мамаевцы
25, Мамалыга
6, Мамрин
5, Мангуш
3, Маневичи
20, Манченки
23, Маньковка
4, Марганец
25, Мариничи
5, Мариуполь
12, Марковка
5, Марково
20, Мартово
23, Мартыновка
1, Марфовка
10, Мархаловка
8, Марьевка
5, Марьинка
4, Марьяновка
16, Марьяновка
6, Марьяновка
3, Марьяновка
22, Масевцы
1, Массандра
14, Матиясово
23, Матусив
2, Махаринцы
22, Мацьковцы
16, Машевка
3, Маяки
15, Маяки
1, Межводное
7, Межгорье
4, Межевая
4, Межирич
18, Межирич
23, Межирич
11, Межиричка
18, Мезеновка
4, Мелиоративное
8, Мелитополь
12, Меловое
19, Мельница-Подольская
24, Мена
4, Менжинское
13, Мервичи
20, Мерефа
14, Мешково-погорелово
15, Мизикевича
17, Мизоч
13, Миклашев
19, Микулинцы
9, Микуличин
7, Минай
16, Миргород
6, Мирное
5, Мирное
1, Мирное
5, Мирное
8, Мирное
6, Мирный
4, Мировое
6, Миролюбовка
5, Мироновка
10, Мироновка
6, Мирополь
12, Миусинск
14, Михайловка
11, Михайловка
8, Михайловка
20, Михайловка
2, Михайловка
5, Михайловка
23, Михайловка
18, Михайловское
22, Михайлючка
25, Михальча
23, Млиев
17, Млинов
19, Млиновцы
16, Млыны
2, Могилев-Подольский
2, Могилевка
17, Могиляны
2, Моевка
17, Моквин
25, Молница
15, Молодежное
1, Молодежное
11, Молодежное
5, Молодежное
5, Молодецкое
12, Молодогвардейск
8, Молочанск
19, Монастыриска
23, Монастырище
13, Моршин
5, Моспино
13, Мостиска
14, Мостовое
10, Мотыжин
1, Мраморное
7, Мужиево
10, Музычи
7, Мукачево
12, Муратово
20, Мурафа
13, Мурованое
2, Мурованые Куриловцы
4, Мусиевка
17, Мутвица
10, Мыла
23, Набутов
13, Навария
13, Нагорное
19, Нагорянка
9, Надвирна
9, Надворная
4, Надеждовка
9, Надиев
19, Надречное
13, Надыбы
13, Надычи
22, Наркевичи
6, Народичи
20, Наталино
10, Небелица
7, Невицкое
4, Недайвода
18, Недригайлов
24, Нежин
2, Некрасово
25, Нелиповцы
10, Немешаево
13, Немиров
2, Немиров
11, Неопалимовка
25, Неполоковцы
7, Нересница
15, Нерубайское
3, Несвич
2, Нестерварка
22, Нестеривци
22, Нетишин
16, Нехвороща
12, Нещеретово
4, Нива трудовая
1, Нижнегорский
7, Нижнее селище
7, Нижние ворота
21, Нижние Серогозы
9, Нижний вербиж
12, Нижний нагольчик
13, Нижняя яблонька
10, Низшая дубечня
18, Низы
1, Никита
9, Никитинцы
13, Николаев
14, Николаев
22, Николаев
1, Николаевка
15, Николаевка
5, Николаевка
4, Николаевка
4, Николаевка
15, Николаевка
4, Николаевка
14, Николаевка
14, Николаевское
5, Николайполье
4, Никополь
6, Новая Боровая
20, Новая Водолага
16, Новая Галещина
23, Новая дмитровка
15, Новая долина
15, Новая дофиновка
21, Новая збурьевка
21, Новая Каховка
3, Новая лешня
17, Новая Любомирка
21, Новая маячка
15, Новая некрасовка
14, Новая Одесса
11, Новая прага
4, Новая русь
22, Новая Ушица
24, Новгород-Северский
11, Новгородка
5, Новгородское
9, Новица
16, Новоаврамовка
5, Новоазовск
12, Новоайдар
11, Новоалександровка
4, Новоалександровка
21, Новоалексеевка
5, Новоамвросиевское
11, Новоархангельск
8, Новобогдановка
15, Новоборисовка
3, Нововолынск
21, Нововоронцовка
6, Новоград-Волынский
21, Новогригоровка
5, Новогродовка
6, Новогуйвинское
12, Новодарьевка
25, Новоднестровск
5, Новодонецкое
12, Новодружеск
24, Новое
11, Новое
7, Новое давыдково
8, Новое запорожье
19, Новое Село
5, Новозарьевка
4, Новоивановка
4, Новолозоватка
8, Новолюбимовка
17, Новомалин
11, Новомиргород
4, Новомосковск
8, Новониколаевка
4, Новониколаевка
4, Новониколаевка
8, Новониколаевка
1, Новоозерное
6, Новоозерянка
11, Новоолександровка
16, Новоореховка
16, Новооржицкое
20, Новоосиново
20, Новопавловка
8, Новопетровка
14, Новопетровское
20, Новопокровка
4, Новополье
12, Новопсков
9, Новоселица
25, Новоселица
19, Новоселка
10, Новоселки
24, Новоселовка
20, Новоселовка
1, Новоселовское
1, Новосельское
21, Новотроицкое
5, Новотроицкое
11, Новоукраинка
14, Новоукраинка
5, Новоэкономическое
13, Новояворовск
10, Новые безрадичи
6, Новые Белокоровичи
15, Новые беляры
24, Новые Млыны
10, Новые петровцы
16, Новые Санжары
24, Новый белоус
14, Новый Буг
24, Новый Быков
17, Новый корец
22, Новый кривин
9, Новый мизунь
13, Новый Роздол
1, Новый Свет
5, Новый Свет
13, Новый ярычев
6, Норинск
24, Носовка
17, Обаров
9, Обертин
2, Ободовка
11, Обозновка
9, Оболонье
13, Оброшино
10, Обухов
3, Овадное
15, Овидиополь
6, Овруч
11, Одая
15, Одесса
17, Оженин
16, Озера
6, Озерное
3, Озерцо
19, Озеряны
10, Озирне
9, Окно
25, Окно
1, Октябрьское
1, Октябрьское
6, Олевск
6, Олекс
22, Олешин
7, Олешник
9, Олешов
1, Олива
6, Олиевка
24, Олишевка
3, Олыка
5, Ольгинка
12, Ольховое
7, Ольховцы
7, Ольховцы-лазы
23, Ольшана
18, Ольшана
6, Ольшанка
11, Ольшанка
14, Ольшанское
20, Ольшаны
11, Оникеево
15, Ониськово
16, Онишки
11, Онуфриевка
13, Опоры
16, Опошня
5, Опытное
2, Оратов
2, Оратов
17, Орвяница
12, Орджоникидзе
1, Орджоникидзе
4, Орджоникидзе
1, Ореанда
8, Орехов
16, Ореховка
12, Ореховка
1, Орехово
17, Оржев
16, Оржица
20, Орилька-1
4, Орловщина
8, Осипенко
1, Останино
24, Остер
17, Остки
19, Остров
13, Остров
17, Острог
17, Острожец
6, Осыково
1, Отрадное
1, Отрадное
9, Отыния
14, Очаков
5, Очеретино
13, Павлов
11, Павловка
9, Павловка
24, Павловка
4, Павлоград
11, Павлыш
7, Павшино
10, Паляничинцы
5, Пантелеймоновка
20, Панютино
24, Парафиевка
6, Парипсы
1, Парковое
1, Партенит
4, Партизанское
21, Партизаны
20, Пархомовка
7, Пацканево
11, Первозвановка
14, Первомайск
12, Первомайск
4, Первомайск
20, Первомайский
1, Первомайское
1, Первомайское
1, Перевальное
12, Перевальск
11, Перегоновка
18, Перекрестовка
4, Перемога
13, Перемышляны
9, Перерыв
14, Пересадовка
20, Пересечная
7, Перечин
4, Перещепино
10, Переяслав-Хмельницкий
6, Перлявка
1, Перово
5, Перше травня
6, Першотравенск
4, Першотравенск
6, Першотравневое
14, Першотравневое
5, Пески
16, Пески
10, Песковка
20, Песочин
7, Пестрялово
2, Песчанка
4, Песчанка
1, Песчаное
16, Песчаное
5, Песчаное
19, Петриков
4, Петриковка
1, Петровка
15, Петровка
14, Петровка
12, Петровка
16, Петровка-роменская
11, Петрово
12, Петровское
22, Петровское
10, Петровское
10, Петровское
15, Петродолинское
4, Петропавловка
10, Петропавловская Борщаговка
10, Петрушки
20, Печенеги
9, Печенежин
2, Пещанка
4, Пивденное
20, Пивденное
13, Пидбирцы
6, Пилиповичи
10, Пилиповка
10, Пилипча
1, Пионерское
18, Пироговка
16, Пирятин
2, Писаревка
5, Пискуновка
18, Плавинище
15, Платоново
10, Плесецкое
11, Плетеный ташлык
7, Плоске
19, Плотыча
9, Пнев
9, Побережье
11, Побугское
13, Повитное
3, Поворск
22, Погорельцы
2, Погребище
2, Погребище первое
10, Погребы
13, Подберезцы
13, Подбуж
19, Подволочиск
20, Подворки
19, Подвысокое
3, Подгайцы
11, Подгайцы
19, Подгайцы
14, Подгородная
6, Подгородное
4, Подгородное
19, Подгородное
13, Подгородное
10, Подгорцы
9, Подгорье
13, Подкамень
9, Подмихайля
7, Подобовец
13, Подорожное
9, Подпечеры
1, Пожарское
20, Покотиловка
16, Покровская богачка
4, Покровское
4, Покровское
12, Покровское
20, Полевая
10, Полесское
24, Политрудня
12, Половинкино
23, Половинчик
8, Пологи
18, Пологи
10, Пологи-вергуны
3, Полонка
22, Полонное
16, Полтава
1, Полтавка
7, Поляна
9, Поляница
6, Полянка
22, Полянь
11, Помошная
1, Понизовка
22, Понинка
12, Попасная
4, Попасное
6, Попельня
6, Попельня
18, Поповка
16, Поповка
7, Попово
6, Поромовка
23, Поташ
16, Потоки
19, Почаев
19, Почапинцы
23, Почапинцы
1, Почтовое
5, Предтечино
8, Преображенка
8, Приазовское
1, Прибрежное
14, Прибугское
13, Прибужаны
14, Прибужье
1, Приветное
5, Приволье
12, Приволье
4, Приднепрянское
20, Приколотное
15, Прилиманское
24, Прилуки
8, Приморск
1, Приморский
21, Приозерное
1, Приозерное
6, Пристанционное
16, Пришиб
8, Пришиб
11, Приютовка
19, Пробежная
12, Пролетарский
10, Пролиски
4, Просяная
11, Протопоповка
3, Проходы
23, Прохоровка
10, Процев
20, Прудянка
6, Пряжов
13, Пукеничи
13, Пустомыты
18, Путивль
25, Путила
10, Пуховка
4, Пушкаревка
19, Пышковцы
4, Пятихатки
13, Рава-Русская
24, Равнополье
21, Раденск
13, Радехов
6, Радомышль
3, Радомышль
15, Радостное
4, Радушное
9, Радча
17, Радывылив
17, Радыжево
16, Радянское
15, Раздельная
1, Раздольное
5, Райгородок
3, Ракита
16, Ракитное
10, Ракитное
7, Раково
9, Раковчик
7, Ракошино
16, Рассошенцы
3, Ратно
3, Ратнов
7, Ратовцы
12, Рафайловка
17, Рафаловка
7, Рахов
23, Рацево
17, Рачин
3, Рачин
15, Рени
24, Репки
16, Решетиловка
10, Ржищев
12, Ровеньки
17, Ровно
3, Ровное
5, Ровное
11, Ровное
14, Ровное
20, Рогань
9, Рогатин
19, Рогачин
10, Рогозов
12, Родаково
5, Родинское
1, Родниковое
3, Рожище
10, Рожны
9, Рожнятов
13, Розвадов
13, Розгирче
13, Роздол
1, Роздольное
7, Розовка
8, Розовка
7, Розтоки
3, Рокини
17, Рокитное
17, Рокитное
7, Рокосово
22, Романины
3, Романов
6, Романов
18, Ромны
10, Росава
10, Роскошная
11, Роскошное
10, Рославичи
13, Росохач
2, Росоша
22, Россоша
25, Ростоки
23, Ротмистровка
12, Рубежное
13, Рудки
18, Руднево
2, Рудница
13, Рудно
22, Рудня-новенькая
6, Ружин
22, Русановцы
23, Русская поляна
14, Рыбаковка
24, Рыбинск
13, Рыхтичи
14, с. Воссиятское
23, с. Литвинец
4, с. Лозуватка
6, с. Михайловка
2, с. Поповцы
20, Савинцы
15, Саврань
23, Сагуновка
18, Сад
9, Саджава
9, Саджавка
1, Садовое
1, Саки
15, Салганы
10, Саливонки
11, Сальково
13, Самбор
10, Самгородок
18, Самотоевка
12, Самсоновка
1, Санаторное
19, Саранчуки
15, Сарата
17, Сарны
5, Сартана
7, Сасово
22, Сатанив
15, Сафьяны
22, Сахкамень
20, Сахновщина
7, Свалява
12, Сватово
12, Свердловск
18, Свесса
11, Светловодск
16, Светлогорское
5, Светлодарск
23, Свидовок
10, Свитанок
16, Святиловка
5, Святогорск
1, Севастополь
2, Севериновка
12, Северодонецк
5, Северск
24, Седнев
5, Селезневка
16, Селещина
5, Селидово
17, Селище
2, Селище
23, Селище
25, Селятин
8, Семеновка
16, Семеновка
24, Семеновка
13, Семеновка
10, Семиполки
21, Семихатка
1, Сенокосное
24, Сеньковка
10, Сеньковка
15, Сергеевка
24, Серебряное
18, Середина-Буда
24, Серединка
1, Симеиз
7, Симерки
1, Симферополь
6, Сингуры
4, Синельниково
10, Синяк
2, Ситковцы
10, Ситняки
21, Скадовск
19, Скала-Подольская
19, Скалат
1, Скалистое
10, Сквира
1, Скворцово
13, Сколе
2, Скоморошки
24, Слабин
4, Славгород
13, Славское
22, Славута
10, Славутич
12, Славяносербск
5, Славянск
20, Слатино
14, Сливино
18, Слобода
18, Слобода
6, Слободище
19, Слободка
13, Слободка
22, Слободка-гуменецкая
22, Слободка-рыхтивская
15, Словяносербка
23, Смела
18, Смелое
9, Смодна
11, Смолино
22, Смотрич
17, Смыга
19, Смыковцы
5, Снежное
14, Снигиревка
9, Снятин
9, Снятын
18, Собич
2, Соболевка
1, Советский
1, Советское
11, Созоновка
13, Сокаль
2, Сокиринцы
3, Сокиричи
7, Сокирница
25, Сокиряны
2, Соколец
2, Соколовка
11, Соколовское
13, Сокольники
5, Соледар
4, Соленое
8, Солнечное
18, Солнечное
7, Соломоново
17, Солонив
20, Солоницевка
13, Солонка
9, Солотвин
7, Солотвино
1, Соляное
9, Сопов
24, Сосница
13, Сосновка
2, Сосновка
17, Сосновое
20, Сосоновка
4, Софиевка
10, Софиевская Борщаговка
12, Софиевский
5, Спартак
7, Среднее
7, Среднее водяное
9, Средний бабин
10, Ставище
10, Стайки
12, Станично-Луганское
6, Станишовка
3, Старая Выжевка
21, Старая збурьевка
18, Старая ивановка
15, Старая некрасовка
22, Старая Синява
12, Старобельск
5, Старобешево
20, Староверовка
3, Старовойтовое
10, Старое
13, Старое село
22, Староконстантинов
5, Старомихайловка
3, Староселье
23, Старые бабаны
4, Старые кодаки
10, Старые петровцы
24, Старый белоус
9, Старый косов
22, Старый кривин
5, Старый крым
1, Старый Крым
20, Старый Мерчик
20, Старый Салтов
13, Старый Самбор
6, Старый солотвин
13, Старый ярычев
12, Стаханов
23, Стеблев
7, Стеблевка
13, Стебник
18, Степановка
21, Степановка
17, Степань
18, Стецковка
5, Стожково
9, Стопчатов
25, Сторожинец
13, Сторонибабы
10, Стоянка
7, Страбычово
13, Страдч
13, Страшевичи
22, Стриганы
2, Стрижавка
6, Стрижевка
25, Строинцы
22, Струга
3, Струмовка
19, Струсов
13, Стрый
2, Студеная
19, Ступки
22, Стуфчинцы
11, Субботцы
15, Суворово
1, Судак
22, Судилков
13, Судовая вишня
18, Сумы
4, Сурско-литовское
3, Суск
6, Суслы
2, Сутиски
12, Суходольск
23, Сушковка
13, Сходница
11, Счастливое
21, Счастливцево
12, Счастье
15, Сычавка
7, Сюртэ
24, Сядрине
15, Табаки
21, Таврийск
21, Таврия
15, Таирово
24, Талалаевка
23, Тальное
1, Тамбовка
17, Тараканов
20, Тарановка
10, Тарасовка
3, Тарасово
10, Тараща
4, Таромское
15, Тарутино
15, Татарбунары
9, Татаров
5, Тельманово
22, Теофиполь
2, Теплик
8, Тепличное
4, Тепловка
12, Теплогорск
15, Теплодар
19, Теребовля
10, Терезино
7, Тересва
16, Терешки
8, Терноватое
4, Терновка
7, Терново
19, Тернополь
18, Терны
6, Тетеревка
10, Тетиев
2, Тиврев
1, Тиловое
9, Тисменница
2, Титусовка
3, Тишковичи
9, Тлумач
8, Токмак
4, Токмаковка
4, Токовское
19, Толстое
19, Толстолуг
4, Томаковка
17, Томашгород
18, Томашовка
2, Томашполь
6, Топильня
1, Топольное
25, Топоровцы
9, Торговица
9, Торговица
5, Торез
19, Торское
3, Торчин
12, Тошковка
10, Требухов
11, Треповка
12, Троицкое
18, Тростянец
2, Тростянец
13, Тростянец
13, Трускавец
9, Тужилов
2, Тульчин
2, Турбов
3, Турийск
7, Турички
13, Турка
9, Турка
7, Турьи реметы
2, Тывров
9, Тысменица
2, Тютьки
7, Тячев
5, Углегорск
5, Угледар
7, Угля
13, Угнев
9, Угорники
9, Угринов
18, Угроеды
5, Удачное
2, Удич
17, Удрицк
7, Ужгород
10, Узин
10, Украинка
5, Украинск
1, Укромное
2, Уладовка
2, Уланов
22, Улашановка
11, Ульяновка
23, Умань
15, Усатово
12, Успенка
9, Устерики
16, Устивица
3, Устилуг
10, Устимовка
11, Устиновка
7, Усть-Черна
20, Утковка
6, Ушомир
7, Фанчиково
10, Фастов
12, Фащевка
3, Федоровка
1, Феодосия
15, Фонтанка
1, Фонтаны
1, Форос
21, Фрунзе
12, Фрунзе
15, Фрунзовка
10, Фурсы
16, Халтурино
16, Халтурино
5, Харцызск
20, Харьков
11, Хащеватое
4, Хащевое
21, Херсон
2, Хижинцы
17, Хиночи
13, Хирев
13, Хишевичи
15, Хлебодарское
23, Хлыстуновка
2, Хмельник
22, Хмельницкий
6, Ходаки
13, Ходовичи
13, Ходоров
11, Ходоров
10, Ходосовка
15, Холодная балка
13, Холодноводка
23, Холоднянское
16, Хорол
19, Хоростков
20, Хорошево
18, Хотень
25, Хотин
10, Хотов
23, Хрещатик
9, Хриплин
23, Христиновка
4, Христофоровка
12, Хрящеватое
7, Хуст
9, Хутор-Будилов
20, Царедаровка
4, Царичанка
23, Цибулев
11, Цибулево
9, Цинева
20, Циркуны
5, Цукурино
3, Цумань
21, Цюрупинск
10, Чабаны
25, Чагор
1, Чайкино
23, Чапаевка
20, Чапаево
21, Чаплинка
4, Чаплино
3, Чаруков
24, Часниковка
5, Часов Яр
3, Чемерин
2, Чемерисы-барские
22, Чемеровцы
22, Червоная Зирка
11, Червоная каменка
10, Червоная слобода
23, Червоная слобода
5, Червоная украина
6, Червоноармейск
15, Червоноармейское
13, Червоноград
6, Червоногранитное
4, Червоногригоровка
8, Червоноднепровка
18, Червоное
6, Червоное
16, Червонозаводское
12, Червонопартизанск
4, Червоные поды
20, Червоный Донец
11, Червоный кут
20, Черкасская Лозовая
5, Черкасское
23, Черкассы
13, Черляны
2, Черневцы
24, Чернигов
8, Черниговка
23, Чернобай
10, Чернобыль
25, Черновцы
10, Черногородка
2, Черномин
1, Черноморское
15, Черноморское
21, Черноморьевка
7, Чернотисов
16, Чернухи
22, Черный остров
21, Чернянка
9, Чернятин
6, Черняхов
11, Черняховка
25, Чертория
16, Чечелево
2, Чечельник
23, Чигирин
6, Чижовка
7, Чинадиево
1, Чистенькое
1, Чистополье
4, Чкаловка
1, Чкалово
4, Чкалово
21, Чкалово
20, Чкаловское
12, Чмыровка
7, Чома
7, Чоп
6, Чоповичи
19, Чортков
10, Чубинское
20, Чугуев
6, Чуднов
13, Чуква
4, Чумаки
18, Чупаховка
16, Чутово
13, Шабельня
15, Шабо
7, Шаланки
18, Шалыгино
10, Шамраевка
2, Шаргород
22, Шаровечка
18, Шатрище
6, Шахворостовка
5, Шахтерск
12, Шахтерское
5, Шахтное
3, Шацк
6, Швайковка
20, Шевченково
20, Шевченково
8, Шевченково
15, Шевченково
20, Шелестово
20, Шелудьковка
7, Шенборн
3, Шепель
22, Шепетовка
11, Шестаковка
24, Шестовица
9, Шешоры
10, Шибене
2, Широкая гребля
8, Широкое
4, Широкое
21, Широкое
8, Широкое
15, Ширяево
16, Шишаки
10, Шкаровка
13, Шкло
16, Шкурупиевка
19, Шляхтинцы
4, Шолохово
18, Шостка
17, Шпанов
25, Шпетки
2, Шпиков
23, Шпола
23, Шрамковка
17, Шубков
19, Шумск
1, Щебетовка
1, Щелкино
16, Щербани
13, Щирец
24, Щорс
6, Щорсовка
21, Щорсовка
8, Энергодар
20, Эсхар
4, Юбилейное
12, Юбилейное
12, Южная ломоватка
14, Южноукраинск
15, Южный
2, Юзефо-Николаевка
5, Юнокоммунаровск
22, Юркивцы с.
10, Юрковка
10, Юровка с.
5, Юрьевка
12, Юрьевка
4, Юрьевка
6, Яблонец
9, Яблоница
9, Яблонов
13, Яворов
10, Яготин
5, Яковлевка
2, Якушинцы
1, Ялта
5, Ялта
2, Ялтушков
9, Ямница
22, Ямполь
18, Ямполь
2, Ямполь
13, Ямполь
1, Янтарное
9, Яремча
16, Яреськи
22, Ярмолинцы
23, Ярославка
23, Ярошевка
6, Ярунь
12, Ясеновский
13, Ясеновцы
5, Ясиноватая
7, Ясиня
17, Ясногорка
10, Ясногородка
1, Ясное
